bus_i,00,01,02,03,04,05,06,07,08,09,10,11,12,13,14,15,16,17,18,19,20,21,22,23
1,0.0,0.0,0.0,0.0,0.0,0.0,0.0,0.0,0.0,0.0,0.0,0.0,0.0,0.0,0.0,0.0,0.0,0.0,0.0,0.0,0.0,0.0,0.0,0.0
2,7.842272406492591,7.255222300635145,7.680945659844743,7.949823570924489,7.479287226534934,7.1700776287932255,9.128405081157375,12.242907551164432,13.73517995765702,14.600070571630207,14.649364855328157,14.47907551164432,14.514925899788285,14.54181369089626,15.048200423429781,14.5014820042343,17.257480592801695,18.373323923782642,16.325370501058575,14.380486944248412,12.431122088920253,9.849894142554694,7.528581510232886,7.331404375441073
3,0.7410021171489062,0.6855328158080453,0.7257586450247001,0.7511644318983769,0.7067043048694426,0.6774876499647142,0.8625264643613267,1.1568101623147495,1.2978122794636555,1.3795342272406494,1.3841919548341566,1.3681016231474947,1.3714890613973183,1.374029640084686,1.421877205363444,1.3702187720536345,1.6306280875088217,1.7360621030345802,1.5425546930134089,1.3587861679604798,1.1745942131263232,0.9306986591390262,0.7113620324629499,0.6927311220889203
4,0.9880028228652084,0.914043754410727,0.9676781933662669,1.0015525758645027,0.9422724064925903,0.903316866619619,1.1500352858151024,1.5424135497529994,1.7304163726182076,1.8393789696541996,1.8455892731122088,1.8241354975299933,1.8286520818630914,1.832039520112915,1.8958362738179255,1.8269583627381796,2.1741707833450956,2.314749470712774,2.056739590684545,1.8117148906139733,1.5661256175017644,1.2409315455187018,0.9484827099505999,0.9236414961185604
5,11.73253352152435,10.854269583627383,11.49117854622442,11.893436838390969,11.189484827099509,10.726887791107975,13.656669019054341,18.316160903316867,20.548694424841216,21.84262526464362,21.91637261820748,21.661609033168666,21.715243472124207,21.755469301340863,22.513055751587864,21.69513055751588,25.81827805222301,27.487649964714187,24.423782639378974,21.514114326040932,18.59774170783345,14.736062103034582,11.263232180663374,10.968242766407904
6,0.0,0.0,0.0,0.0,0.0,0.0,0.0,0.0,0.0,0.0,0.0,0.0,0.0,0.0,0.0,0.0,0.0,0.0,0.0,0.0,0.0,0.0,0.0,0.0
7,6.730769230769232,6.226923076923078,6.592307692307694,6.823076923076925,6.41923076923077,6.153846153846154,7.834615384615385,10.50769230769231,11.788461538461538,12.530769230769234,12.573076923076922,12.426923076923078,12.457692307692309,12.480769230769234,12.915384615384617,12.446153846153848,14.811538461538465,15.769230769230772,14.011538461538464,12.342307692307694,10.66923076923077,8.453846153846156,6.461538461538462,6.292307692307693
8,18.525052928722655,17.13832039520113,18.143966125617503,18.779110797459424,17.667607621736067,16.937191249117856,21.56316160903317,28.92025405786874,32.44530698659139,34.48835568101624,34.60479887085391,34.20254057868737,34.28722653493296,34.350741002117154,35.546930134086104,34.25546930134087,40.76570218772054,43.40155257586451,38.563867325335224,33.969654199012,29.36485532815808,23.267466478475654,17.78405081157375,17.318278052223008
9,0.0,0.0,0.0,0.0,0.0,0.0,0.0,0.0,0.0,0.0,0.0,0.0,0.0,0.0,0.0,0.0,0.0,0.0,0.0,0.0,0.0,0.0,0.0,0.0
10,1.2350035285815104,1.1425546930134087,1.2095977417078336,1.2519407198306283,1.1778405081157377,1.1291460832745237,1.437544107268878,1.9280169371912492,2.1630204657727594,2.2992237120677492,2.306986591390261,2.2801693719124914,2.285815102328864,2.2900494001411436,2.3697953422724067,2.2836979534227244,2.7177134791813695,2.893436838390967,2.5709244883556814,2.2646436132674665,1.9576570218772054,1.551164431898377,1.18560338743825,1.1545518701482005
11,0.0,0.0,0.0,0.0,0.0,0.0,0.0,0.0,0.0,0.0,0.0,0.0,0.0,0.0,0.0,0.0,0.0,0.0,0.0,0.0,0.0,0.0,0.0,0.0
12,4.631263232180664,4.284580098800283,4.535991531404376,4.694777699364856,4.416901905434017,4.234297812279464,5.390790402258292,7.230063514467185,8.111326746647848,8.62208892025406,8.651199717713478,8.550635144671842,8.57180663373324,8.587685250529288,8.886732533521526,8.563867325335217,10.191425546930136,10.850388143966127,9.640966831333806,8.492413549753,7.34121383203952,5.816866619618914,4.446012702893437,4.329569513055752
13,0.0,0.0,0.0,0.0,0.0,0.0,0.0,0.0,0.0,0.0,0.0,0.0,0.0,0.0,0.0,0.0,0.0,0.0,0.0,0.0,0.0,0.0,0.0,0.0
14,0.9880028228652084,0.914043754410727,0.9676781933662669,1.0015525758645027,0.9422724064925903,0.903316866619619,1.1500352858151024,1.5424135497529994,1.7304163726182076,1.8393789696541996,1.8455892731122088,1.8241354975299933,1.8286520818630914,1.832039520112915,1.8958362738179255,1.8269583627381796,2.1741707833450956,2.314749470712774,2.056739590684545,1.8117148906139733,1.5661256175017644,1.2409315455187018,0.9484827099505999,0.9236414961185604
15,1.543754410726888,1.428193366266761,1.511997177134792,1.5649258997882853,1.4723006351446721,1.4114326040931546,1.7969301340860975,2.4100211714890616,2.7037755822159495,2.8740296400846868,2.8837332392378263,2.850211714890614,2.85726887791108,2.8625617501764293,2.9622441778405086,2.8546224417784054,3.397141848976712,3.616796047988709,3.2136556104446017,2.830804516584333,2.447071277346507,1.9389555398729712,1.4820042342978124,1.4431898376852506
16,1.1115031757233593,1.0282992237120678,1.0886379675370503,1.1267466478475654,1.060056457304164,1.0162314749470713,1.2937896965419902,1.7352152434721244,1.9467184191954836,2.0693013408609744,2.076287932251235,2.052152434721242,2.0572335920959777,2.0610444601270292,2.1328158080451662,2.055328158080452,2.445942131263233,2.6040931545518706,2.3138320395201135,2.03817925194072,1.7618913196894848,1.3960479887085393,1.067043048694425,1.0390966831333805
17,3.58151023288638,3.313408609738885,3.5078334509527176,3.6306280875088217,3.415737473535639,3.2745236414961187,4.168877911079746,5.591249117854622,6.272759350741002,6.667748764996473,6.690261115031757,6.612491178546224,6.628863796753706,6.641143260409316,6.872406492589979,6.622724064925901,7.881369089625971,8.390966831333804,7.455681016231476,6.5674664784756525,5.677205363443895,4.498376852505293,3.4382498235709247,3.3482004234297813
18,0.5557515878616797,0.5141496118560339,0.5443189837685252,0.5633733239237827,0.530028228652082,0.5081157374735357,0.6468948482709951,0.8676076217360622,0.9733592095977418,1.0346506704304872,1.0381439661256175,1.026076217360621,1.0286167960479888,1.0305222300635146,1.0664079040225831,1.027664079040226,1.2229710656316164,1.3020465772759353,1.1569160197600568,1.01908962597036,0.8809456598447424,0.6980239943542697,0.5335215243472125,0.5195483415666903
19,2.0995059985885676,1.9423429781227948,2.056316160903317,2.128299223712068,2.002328863796754,1.9195483415666903,2.4438249823570923,3.277628793225124,3.6771347918136907,3.9086803105151735,3.9218772053634434,3.8762879322512354,3.8858856739590686,3.8930839802399437,4.0286520818630915,3.8822865208186315,4.620112914608328,4.918842625264644,4.370571630204658,3.849894142554693,3.328016937191249,2.636979534227241,2.015525758645025,1.9627381792519407
20,0.43225123500352863,0.399894142554693,0.42335920959774176,0.4381792519407199,0.41224417784050815,0.3952011291460833,0.5031404375441072,0.6748059280169372,0.7570571630204658,0.8047282992237121,0.8074453069865913,0.7980592801693719,0.8000352858151023,0.8015172900494002,0.8294283697953423,0.7992942836979535,0.9511997177134792,1.0127028934368385,0.8998235709244884,0.7926252646436133,0.6851799576570219,0.5429075511644319,0.41496118560338746,0.40409315455187017
21,6.916019760056458,6.398306280875088,6.773747353563868,7.010868031051518,6.59590684544813,6.323218066337333,8.050247000705715,10.796894848270995,12.112914608327452,12.875652787579394,12.919124911785461,12.76894848270995,12.800564573041637,12.824276640790403,13.270853916725477,12.788708539167256,15.219195483415668,16.203246294989416,14.397177134791814,12.682004234297812,10.96287932251235,8.68652081863091,6.639378969654199,6.465490472829923
22,0.0,0.0,0.0,0.0,0.0,0.0,0.0,0.0,0.0,0.0,0.0,0.0,0.0,0.0,0.0,0.0,0.0,0.0,0.0,0.0,0.0,0.0,0.0,0.0
23,0.9880028228652084,0.914043754410727,0.9676781933662669,1.0015525758645027,0.9422724064925903,0.903316866619619,1.1500352858151024,1.5424135497529994,1.7304163726182076,1.8393789696541996,1.8455892731122088,1.8241354975299933,1.8286520818630914,1.832039520112915,1.8958362738179255,1.8269583627381796,2.1741707833450956,2.314749470712774,2.056739590684545,1.8117148906139733,1.5661256175017644,1.2409315455187018,0.9484827099505999,0.9236414961185604
24,4.13726182074806,3.8275582215949195,4.0521524347212425,4.1940014114326045,3.9457657021877215,3.7826393789696544,4.815772759350741,6.4588567395906855,7.246118560338744,7.70239943542696,7.728405081157375,7.638567395906846,7.6574805928016945,7.671665490472831,7.938814396612563,7.650388143966127,9.104340155257589,9.69301340860974,8.612597035991532,7.5865561044460135,6.558151023288638,5.1964008468595635,3.9717713479181374,3.8677487649964717
25,0.0,0.0,0.0,0.0,0.0,0.0,0.0,0.0,0.0,0.0,0.0,0.0,0.0,0.0,0.0,0.0,0.0,0.0,0.0,0.0,0.0,0.0,0.0,0.0
26,1.4202540578687368,1.3139378969654198,1.3910374029640085,1.4397318278052225,1.3545165843330982,1.2985179957657023,1.6531757233592095,2.2172194777699366,2.487473535638673,2.6441072688779115,2.6530345800988,2.622194777699365,2.6286873676781934,2.633556810162315,2.7252646436132677,2.6262526464361327,3.125370501058575,3.327452364149612,2.9565631616090333,2.6043401552575864,2.251305575158786,1.7838390966831335,1.3634438955539874,1.3277346506704304
27,0.0,0.0,0.0,0.0,0.0,0.0,0.0,0.0,0.0,0.0,0.0,0.0,0.0,0.0,0.0,0.0,0.0,0.0,0.0,0.0,0.0,0.0,0.0,0.0
28,0.0,0.0,0.0,0.0,0.0,0.0,0.0,0.0,0.0,0.0,0.0,0.0,0.0,0.0,0.0,0.0,0.0,0.0,0.0,0.0,0.0,0.0,0.0,0.0
29,0.5557515878616797,0.5141496118560339,0.5443189837685252,0.5633733239237827,0.530028228652082,0.5081157374735357,0.6468948482709951,0.8676076217360622,0.9733592095977418,1.0346506704304872,1.0381439661256175,1.026076217360621,1.0286167960479888,1.0305222300635146,1.0664079040225831,1.027664079040226,1.2229710656316164,1.3020465772759353,1.1569160197600568,1.01908962597036,0.8809456598447424,0.6980239943542697,0.5335215243472125,0.5195483415666903
30,1.1732533521524349,1.0854269583627383,1.1491178546224419,1.1893436838390967,1.1189484827099507,1.0726887791107975,1.365666901905434,1.8316160903316867,2.0548694424841214,2.184262526464362,2.191637261820748,2.1661609033168667,2.171524347212421,2.1755469301340864,2.2513055751587863,2.169513055751588,2.581827805222301,2.7487649964714187,2.442378263937897,2.151411432604093,1.859774170783345,1.4736062103034582,1.1263232180663374,1.0968242766407905
